i,x,y,PRECIP
0,-95.19808,29.570131,53.756687
1,-92.41189,30.011305,53.756687
2,-92.43795,30.107618,53.756687
3,-92.48494,30.19896,53.756687
4,-92.55252,30.284708,53.756687
5,-92.6403,30.366108,53.756687
6,-92.747604,30.441294,53.756687
7,-92.87345,30.509645,53.756687
8,-93.01708,30.571161,53.756687
9,-93.1773,30.62522,53.756687
10,-93.35279,30.67058,53.756687
11,-93.542404,30.707863,53.756687
12,-93.74467,30.736446,53.756687
13,-93.95793,30.756329,53.756687
14,-94.18063,30.766893,53.756687
15,-94.411125,30.768757,53.756687
16,-94.64751,30.76068,53.756687
17,-94.888214,30.744524,53.756687
18,-95.13114,30.719048,53.756687
19,-95.37466,30.684872,53.756687
20,-95.616806,30.641996,53.756687
21,-95.85585,30.591665,53.756687
22,-96.08975,30.532637,53.756687
23,-96.31699,30.46677,53.756687
24,-96.53562,30.393448,53.756687
25,-96.744125,30.314535,53.756687
26,-96.940865,30.230028,53.756687
27,-97.12427,30.139929,53.756687
28,-97.29307,30.046103,53.756687
29,-97.446,29.948547,53.756687
30,-97.58172,29.847885,53.756687
31,-97.69929,29.74536,53.756687
32,-97.797905,29.64159,53.756687
33,-97.87663,29.536577,53.756687
34,-97.93504,29.432188,53.756687
35,-97.97267,29.32904,53.756687
36,-97.989136,29.227757,53.756687
37,-97.984276,29.128958,53.756687
38,-97.95831,29.033268,53.756687
39,-97.91132,28.941925,53.756687
40,-97.84364,28.855555,53.756687
41,-97.75587,28.774155,53.756687
42,-97.64866,28.69959,53.756687
43,-97.52271,28.63062,53.756687
44,-97.37918,28.569725,53.756687
45,-97.21896,28.515665,53.756687
46,-97.04337,28.469683,53.756687
47,-96.85376,28.432402,53.756687
48,-96.651596,28.40444,53.756687
49,-96.43833,28.384556,53.756687
50,-96.21563,28.373993,53.756687
51,-95.98514,28.372128,53.756687
52,-95.74866,28.379585,53.756687
53,-95.50805,28.396362,53.756687
54,-95.26502,28.421217,53.756687
55,-95.02151,28.455393,53.756687
56,-94.77936,28.498266,53.756687
57,-94.54041,28.54922,53.756687
58,-94.30641,28.607628,53.756687
59,-94.07927,28.674114,53.756687
60,-93.860634,28.746815,53.756687
61,-93.65213,28.826351,53.756687
62,-93.4554,28.910856,53.756687
63,-93.2719,29.000334,53.756687
64,-93.103096,29.094162,53.756687
65,-92.950264,29.192339,53.756687
66,-92.814545,29.293001,53.756687
67,-92.69688,29.394905,53.756687
68,-92.59835,29.499296,53.756687
69,-92.51953,29.603685,53.756687
70,-92.46112,29.708076,53.756687
71,-92.423584,29.811224,53.756687
72,-92.40713,29.913128,53.756687
73,-90.79272,30.267931,51.659958
74,-90.833885,30.419546,51.659958
75,-90.908165,30.563704,51.659958
76,-91.01517,30.701027,51.659958
77,-91.15388,30.82841,51.659958
78,-91.32351,30.947712,51.659958
79,-91.52255,31.05583,51.659958
80,-91.749565,31.152763,51.659958
81,-92.00287,31.237892,51.659958
82,-92.2805,31.30997,51.659958
83,-92.580284,31.369001,51.659958
84,-92.89996,31.41374,51.659958
85,-93.23722,31.44543,51.659958
86,-93.58939,31.462828,51.659958
87,-93.9537,31.464693,51.659958
88,-94.327614,31.453508,51.659958
89,-94.70808,31.426788,51.659958
90,-95.092316,31.387022,51.659958
91,-95.47733,31.332962,51.659958
92,-95.86022,31.265232,51.659958
93,-96.23804,31.184454,51.659958
94,-96.608,31.09187,51.659958
95,-96.96714,30.98748,51.659958
96,-97.312965,30.872526,51.659958
97,-97.642586,30.747631,51.659958
98,-97.95359,30.613415,51.659958
99,-98.243706,30.47174,51.659958
100,-98.51063,30.323235,51.659958
101,-98.75228,30.168512,51.659958
102,-98.96689,30.009441,51.659958
103,-99.15286,29.847263,51.659958
104,-99.30874,29.6826,51.659958
105,-99.43325,29.516693,51.659958
106,-99.52568,29.352652,51.659958
107,-99.58504,29.189232,51.659958
108,-99.611084,29.028917,51.659958
109,-99.60345,28.872332,51.659958
110,-99.56237,28.721338,51.659958
111,-99.4881,28.57718,51.659958
112,-99.38109,28.439857,51.659958
113,-99.24229,28.311855,51.659958
114,-99.072754,28.193172,51.659958
115,-98.87371,28.085054,51.659958
116,-98.6466,27.9875,51.659958
117,-98.39339,27.902992,51.659958
118,-98.11576,27.830914,51.659958
119,-97.81598,27.771883,51.659958
120,-97.4962,27.726524,51.659958
121,-97.15904,27.695456,51.659958
122,-96.80687,27.678057,51.659958
123,-96.44247,27.675571,51.659958
124,-96.06865,27.687378,51.659958
125,-95.68819,27.714096,51.659958
126,-95.30395,27.753864,51.659958
127,-94.91892,27.807922,51.659958
128,-94.53604,27.875652,51.659958
129,-94.15822,27.95643,51.659958
130,-93.78826,28.049015,51.659958
131,-93.42902,28.152784,51.659958
132,-93.0833,28.26836,51.659958
133,-92.75368,28.393255,51.659958
134,-92.44257,28.52685,51.659958
135,-92.15255,28.669144,51.659958
136,-91.885635,28.817652,51.659958
137,-91.64398,28.972372,51.659958
138,-91.429276,29.130823,51.659958
139,-91.24339,29.293621,51.659958
140,-91.087524,29.458284,51.659958
141,-90.96291,29.62357,51.659958
142,-90.87058,29.788233,51.659958
143,-90.811226,29.951654,51.659958
144,-90.78517,30.111967,51.659958
145,-88.96796,30.557491,49.574543
146,-89.026085,30.77062,49.574543
147,-89.13116,30.975052,49.574543
148,-89.28243,31.168299,49.574543
149,-89.47874,31.35036,49.574543
150,-89.71852,31.518131,49.574543
151,-90.000114,31.67161,49.574543
152,-90.32112,31.808311,49.574543
153,-90.679306,31.928236,49.574543
154,-91.071976,32.03076,49.574543
155,-91.495926,32.114025,49.574543
156,-91.94813,32.17803,49.574543
157,-92.42499,32.222145,49.574543
158,-92.923035,32.246376,49.574543
159,-93.43829,32.249485,49.574543
160,-93.96706,32.23333,49.574543
161,-94.505066,32.196045,49.574543
162,-95.0485,32.139503,49.574543
163,-95.59295,32.06245,49.574543
164,-96.134476,31.967382,49.574543
165,-96.66877,31.85305,49.574543
166,-97.192,31.72256,49.574543
167,-97.69995,31.574675,49.574543
168,-98.188965,31.411877,49.574543
169,-98.65511,31.234785,49.574543
170,-99.09503,31.045889,49.574543
171,-99.50522,30.845186,49.574543
172,-99.8827,30.63454,49.574543
173,-100.22441,30.415817,49.574543
174,-100.527954,30.190882,49.574543
175,-100.79101,29.961596,49.574543
176,-101.011345,29.728582,49.574543
177,-101.18754,29.494946,49.574543
178,-101.318115,29.261932,49.574543
179,-101.40211,29.03078,49.574543
180,-101.43892,28.803982,49.574543
181,-101.42821,28.582773,49.574543
182,-101.37008,28.369642,49.574543
183,-101.26501,28.16521,49.574543
184,-101.11373,27.971966,49.574543
185,-100.91753,27.790525,49.574543
186,-100.67764,27.622133,49.574543
187,-100.39614,27.469276,49.574543
188,-100.07504,27.331953,49.574543
189,-99.71686,27.212029,49.574543
190,-99.32429,27.110123,49.574543
191,-98.90033,27.02686,49.574543
192,-98.448135,26.962858,49.574543
193,-97.971275,26.918741,49.574543
194,-97.47323,26.894508,49.574543
195,-96.95796,26.891401,49.574543
196,-96.42921,26.907557,49.574543
197,-95.8911,26.944218,49.574543
198,-95.34776,27.001383,49.574543
199,-94.803314,27.078434,49.574543
200,-94.26178,27.173504,49.574543
201,-93.727394,27.287214,49.574543
202,-93.20426,27.418324,49.574543
203,-92.69631,27.56621,49.574543
204,-92.2073,27.72901,49.574543
205,-91.74115,27.9061,49.574543
206,-91.30123,28.094997,49.574543
207,-90.89104,28.2957,49.574543
208,-90.513565,28.506344,49.574543
209,-90.17175,28.724445,49.574543
210,-89.86821,28.949383,49.574543
211,-89.605255,29.179289,49.574543
212,-89.38482,29.411682,49.574543
213,-89.20872,29.645939,49.574543
214,-89.07805,29.878332,49.574543
215,-88.99406,30.109482,49.574543
216,-88.957245,30.336283,49.574543
217,-86.38736,30.966352,47.573406
218,-86.4696,31.26834,47.573406
219,-86.61825,31.557278,47.573406
220,-86.83216,31.831303,47.573406
221,-87.10967,32.087307,47.573406
222,-87.44884,32.32467,47.573406
223,-87.84702,32.54153,47.573406
224,-88.30104,32.735397,47.573406
225,-88.80766,32.90503,47.573406
226,-89.36282,33.04919,47.573406
227,-89.96239,33.16725,47.573406
228,-90.601845,33.25797,47.573406
229,-91.27636,33.32073,47.573406
230,-91.980606,33.354282,47.573406
231,-92.709404,33.359875,47.573406
232,-93.457054,33.33564,47.573406
233,-94.21806,33.283447,47.573406
234,-94.98645,33.202667,47.573406
235,-95.75649,33.09455,47.573406
236,-96.522255,32.959713,47.573406
237,-97.278,32.798775,47.573406
238,-98.017815,32.612988,47.573406
239,-98.7363,32.404827,47.573406
240,-99.42776,32.174297,47.573406
241,-100.08708,31.924507,47.573406
242,-100.70909,31.656696,47.573406
243,-101.28924,31.37273,47.573406
244,-101.82307,31.075092,47.573406
245,-102.30647,30.766893,47.573406
246,-102.735695,30.44813,47.573406
247,-103.10765,30.123774,47.573406
248,-103.4193,29.794447,47.573406
249,-103.66843,29.463877,47.573406
250,-103.85318,29.13455,47.573406
251,-103.97199,28.807709,47.573406
252,-104.023994,28.487082,47.573406
253,-104.008804,28.17391,47.573406
254,-103.92667,27.872545,47.573406
255,-103.778015,27.583609,47.573406
256,-103.5641,27.309584,47.573406
257,-103.28649,27.052958,47.573406
258,-102.94733,26.815594,47.573406
259,-102.54924,26.599356,47.573406
260,-102.095215,26.405489,47.573406
261,-101.5886,26.235855,47.573406
262,-101.03344,26.091074,47.573406
263,-100.43378,25.973015,47.573406
264,-99.79432,25.882294,47.573406
265,-99.1199,25.820156,47.573406
266,-98.41566,25.786602,47.573406
267,-97.68686,25.78101,47.573406
268,-96.93921,25.805244,47.573406
269,-96.17819,25.857439,47.573406
270,-95.40981,25.938217,47.573406
271,-94.63977,26.046335,47.573406
272,-93.874,26.181173,47.573406
273,-93.11826,26.342108,47.573406
274,-92.37844,26.527899,47.573406
275,-91.659966,26.736057,47.573406
276,-90.968506,26.966587,47.573406
277,-90.30918,27.216377,47.573406
278,-89.68707,27.483568,47.573406
279,-89.106926,27.767534,47.573406
280,-88.57319,28.065792,47.573406
281,-88.08978,28.373993,47.573406
282,-87.66057,28.692757,47.573406
283,-87.28861,29.01711,47.573406
284,-86.97687,29.345818,47.573406
285,-86.72774,29.676386,47.573406
286,-86.54308,30.006334,47.573406
287,-86.42427,30.333176,47.573406
288,-86.37227,30.653803,47.573406
289,-83.54259,31.416847,45.845135
290,-83.651306,31.815767,45.845135
291,-83.84801,32.198532,45.845135
292,-84.131,32.56079,45.845135
293,-84.49821,32.90068,45.845135
294,-84.94683,33.214474,45.845135
295,-85.47352,33.500927,45.845135
296,-86.0742,33.757553,45.845135
297,-86.74425,33.981247,45.845135
298,-87.47874,34.17263,45.845135
299,-88.27197,34.329216,45.845135
300,-89.11784,34.448517,45.845135
301,-90.01003,34.53116,45.845135
302,-90.94171,34.575897,45.845135
303,-91.905815,34.582733,45.845135
304,-92.89491,34.551666,45.845135
305,-93.90163,34.482693,45.845135
306,-94.9181,34.375816,45.845135
307,-95.93676,34.23228,45.845135
308,-96.94978,34.053947,45.845135
309,-97.94954,33.84144,45.845135
310,-98.928246,33.595375,45.845135
311,-99.87865,33.320107,45.845135
312,-100.79336,33.015015,45.845135
313,-101.66553,32.684444,45.845135
314,-102.48848,32.33026,45.845135
315,-103.25599,31.954954,45.845135
316,-103.9621,31.561005,45.845135
317,-104.6015,31.152143,45.845135
318,-105.16945,30.732096,45.845135
319,-105.66142,30.302729,45.845135
320,-106.07376,29.867147,45.845135
321,-106.40337,29.429703,45.845135
322,-106.64768,28.9935,45.845135
323,-106.804855,28.561646,45.845135
324,-106.8736,28.13663,45.845135
325,-106.85358,27.723417,45.845135
326,-106.74486,27.324497,45.845135
327,-106.548256,26.942352,45.845135
328,-106.26527,26.580093,45.845135
329,-105.898056,26.240204,45.845135
330,-105.44943,25.92641,45.845135
331,-104.922745,25.63996,45.845135
332,-104.32206,25.383333,45.845135
333,-103.65192,25.159018,45.845135
334,-102.91752,24.968258,45.845135
335,-102.12429,24.811672,45.845135
336,-101.27841,24.692368,45.845135
337,-100.38613,24.609104,45.845135
338,-99.45445,24.564365,45.845135
339,-98.49045,24.558151,45.845135
340,-97.50134,24.58922,45.845135
341,-96.49464,24.658192,45.845135
342,-95.478165,24.765068,45.845135
343,-94.459496,24.908606,45.845135
344,-93.44647,25.086939,45.845135
345,-92.446724,25.299448,45.845135
346,-91.46802,25.545511,45.845135
347,-90.51762,25.820778,45.845135
348,-89.602806,26.12525,45.845135
349,-88.73064,26.45582,45.845135
350,-87.907776,26.810623,45.845135
351,-87.140274,27.18593,45.845135
352,-86.434166,27.57988,45.845135
353,-85.79466,27.988121,45.845135
354,-85.226814,28.408789,45.845135
355,-84.73483,28.838156,45.845135
356,-84.322495,29.273737,45.845135
357,-83.99289,29.711184,45.845135
358,-83.74858,30.147387,45.845135
359,-83.59141,30.579239,45.845135
360,-83.52257,31.003635,45.845135
361,-79.937454,31.987886,43.909344
362,-80.07983,32.51108,43.909344
363,-80.33732,33.011906,43.909344
364,-80.707825,33.48601,43.909344
365,-81.18857,33.929672,43.909344
366,-81.776024,34.34164,43.909344
367,-82.46563,34.716328,43.909344
368,-83.25202,35.05187,43.909344
369,-84.12947,35.346397,43.909344
370,-85.091125,35.59681,43.909344
371,-86.129654,35.80062,43.909344
372,-87.237206,35.957207,43.909344
373,-88.405334,36.065323,43.909344
374,-89.62522,36.124355,43.909344
375,-90.88748,36.133675,43.909344
376,-92.182556,36.092667,43.909344
377,-93.500595,36.001945,43.909344
378,-94.83151,35.862137,43.909344
379,-96.16526,35.674484,43.909344
380,-97.491615,35.440845,43.909344
381,-98.80056,35.16247,43.909344
382,-100.08204,34.841225,43.909344
383,-101.32636,34.479584,43.909344
384,-102.524055,34.081287,43.909344
385,-103.66596,33.647568,43.909344
386,-104.74347,33.18403,43.909344
387,-105.74834,32.69252,43.909344
388,-106.67291,32.177406,43.909344
389,-107.51011,31.642405,43.909344
390,-108.25357,31.090628,43.909344
391,-108.89781,30.528908,43.909344
392,-109.437675,29.95911,43.909344
393,-109.86916,29.386206,43.909344
394,-110.18909,28.815166,43.909344
395,-110.39488,28.249718,43.909344
396,-110.48494,27.69359,43.909344
397,-110.45871,27.152376,43.909344
398,-110.31634,26.629183,43.909344
399,-110.058945,26.128979,43.909344
400,-109.68844,25.654873,43.909344
401,-109.20769,25.210592,43.909344
402,-108.62023,24.799244,43.909344
403,-107.93063,24.424557,43.909344
404,-107.14414,24.088394,43.909344
405,-106.266785,23.794487,43.909344
406,-105.30513,23.544075,43.909344
407,-104.2666,23.340263,43.909344
408,-103.15906,23.183678,43.909344
409,-101.99093,23.07556,43.909344
410,-100.77104,23.01653,43.909344
411,-99.50878,23.00721,43.909344
412,-98.2137,23.04822,43.909344
413,-96.89566,23.138939,43.909344
414,-95.56474,23.278748,43.909344
415,-94.231,23.466402,43.909344
416,-92.90465,23.700039,43.909344
417,-91.5957,23.978413,43.909344
418,-90.314224,24.299662,43.909344
419,-89.0699,24.6613,43.909344
420,-87.8722,25.059599,43.909344
421,-86.7303,25.493317,43.909344
422,-85.65279,25.956858,43.909344
423,-84.64792,26.448362,43.909344
424,-83.72335,26.96348,43.909344
425,-82.886154,27.49848,43.909344
426,-82.14259,28.049637,43.909344
427,-81.49845,28.611977,43.909344
428,-80.95859,29.181774,43.909344
429,-80.52709,29.754679,43.909344
430,-80.20717,30.32572,43.909344
431,-80.00138,30.891167,43.909344
432,-79.911224,31.446672,43.909344
433,-76.507706,32.531586,41.758446
434,-76.68209,33.1716,41.758446
435,-76.997406,33.784893,41.758446
436,-77.45114,34.365253,41.758446
437,-78.04005,34.910194,41.758446
438,-78.75951,35.414127,41.758446
439,-79.60399,35.8727,41.758446
440,-80.56729,36.284668,41.758446
441,-81.64186,36.644444,41.758446
442,-82.81956,36.95078,41.758446
443,-84.09152,37.20057,41.758446
444,-85.44801,37.392574,41.758446
445,-86.87871,37.525547,41.758446
446,-88.37274,37.597626,41.758446
447,-89.918625,37.60819,41.758446
448,-91.5048,37.557858,41.758446
449,-93.11904,37.447254,41.758446
450,-94.74913,37.27638,41.758446
451,-96.382576,37.04647,41.758446
452,-98.00708,36.760017,41.758446
453,-99.61014,36.418884,41.758446
454,-101.17965,36.02556,41.758446
455,-102.7036,35.58252,41.758446
456,-104.170525,35.09474,41.758446
457,-105.56908,34.56409,41.758446
458,-106.88873,33.99616,41.758446
459,-108.1194,33.39405,41.758446
460,-109.25174,32.762737,41.758446
461,-110.27717,32.10781,41.758446
462,-111.187805,31.433002,41.758446
463,-111.97667,30.743902,41.758446
464,-112.63797,30.046724,41.758446
465,-113.16646,29.345196,41.758446
466,-113.558174,28.64491,41.758446
467,-113.81025,27.952703,41.758446
468,-113.92059,27.271679,41.758446
469,-113.88846,26.608677,41.758446
470,-113.71417,25.969286,41.758446
471,-113.39886,25.355991,41.758446
472,-112.945114,24.77563,41.758446
473,-112.35622,24.23069,41.758446
474,-111.63676,23.726757,41.758446
475,-110.792175,23.267563,41.758446
476,-109.82897,22.856216,41.758446
477,-108.7544,22.496443,41.758446
478,-107.576706,22.190105,41.758446
479,-106.30474,21.940315,41.758446
480,-104.94825,21.748312,41.758446
481,-103.517555,21.615337,41.758446
482,-102.02352,21.543259,41.758446
483,-100.47754,21.532074,41.758446
484,-98.891464,21.583027,41.758446
485,-97.27722,21.69363,41.758446
486,-95.64713,21.864508,41.758446
487,-94.01369,22.094416,41.758446
488,-92.38918,22.380867,41.758446
489,-90.786125,22.722,41.758446
490,-89.21661,23.115328,41.758446
491,-87.692566,23.557743,41.758446
492,-86.22574,24.046143,41.758446
493,-84.82718,24.576794,41.758446
494,-83.50753,25.144726,41.758446
495,-82.276855,25.746836,41.758446
496,-81.14452,26.378147,41.758446
497,-80.11909,27.033073,41.758446
498,-79.20846,27.707882,41.758446
499,-78.419495,28.396362,41.758446
500,-77.75829,29.094162,41.758446
501,-77.229805,29.79569,41.758446
502,-76.83809,30.495975,41.758446
503,-76.58601,31.188183,41.758446
504,-76.47567,31.868584,41.758446
505,-71.88709,33.26356,33.04699
506,-72.10463,34.062645,33.04699
507,-72.49783,34.82693,33.04699
508,-73.06381,35.551453,33.04699
509,-73.79823,36.22999,33.04699
510,-74.69548,36.858196,33.04699
511,-75.748856,37.4311,33.04699
512,-76.950226,37.94373,33.04699
513,-78.290405,38.392982,33.04699
514,-79.7594,38.775124,33.04699
515,-81.345764,39.08705,33.04699
516,-83.03761,39.326904,33.04699
517,-84.82198,39.492188,33.04699
518,-86.68533,39.581665,33.04699
519,-88.61345,39.595337,33.04699
520,-90.59175,39.533195,33.04699
521,-92.60507,39.39463,33.04699
522,-94.638115,39.181503,33.04699
523,-96.675446,38.89505,33.04699
524,-98.70149,38.53776,33.04699
525,-100.7009,38.11212,33.04699
526,-102.6584,37.62124,33.04699
527,-104.55911,37.06884,33.04699
528,-106.38863,36.459896,33.04699
529,-108.13297,35.798756,33.04699
530,-109.778885,35.090393,33.04699
531,-111.3138,34.339157,33.04699
532,-112.72611,33.552498,33.04699
533,-114.00491,32.734776,33.04699
534,-115.14072,31.893438,33.04699
535,-116.12467,31.034082,33.04699
536,-116.94935,30.163542,33.04699
537,-117.60857,29.289272,33.04699
538,-118.09718,28.416246,33.04699
539,-118.41152,27.55254,33.04699
540,-118.5492,26.704369,33.04699
541,-118.50907,25.876701,33.04699
542,-118.291626,25.07824,33.04699
543,-117.89842,24.313953,33.04699
544,-117.33245,23.589434,33.04699
545,-116.59802,22.910896,33.04699
546,-115.70068,22.28207,33.04699
547,-114.64741,21.709785,33.04699
548,-113.44604,21.197155,33.04699
549,-112.10576,20.747282,33.04699
550,-110.63686,20.36576,33.04699
551,-109.0505,20.053833,33.04699
552,-107.35865,19.813984,33.04699
553,-105.57428,19.648697,33.04699
554,-103.71093,19.55922,33.04699
555,-101.782715,19.54493,33.04699
556,-99.80451,19.607689,33.04699
557,-97.79119,19.746254,33.04699
558,-95.75814,19.959385,33.04699
559,-93.72082,20.245836,33.04699
560,-91.69477,20.603125,33.04699
561,-89.695366,21.028763,33.04699
562,-87.737854,21.519646,33.04699
563,-85.83705,22.071424,33.04699
564,-84.00763,22.680988,33.04699
565,-82.26329,23.342129,33.04699
566,-80.61738,24.050491,33.04699
567,-79.082466,24.80173,33.04699
568,-77.67015,25.588385,33.04699
569,-76.39125,26.405489,33.04699
570,-75.25555,27.247446,33.04699
571,-74.27159,28.106802,33.04699
572,-73.446815,28.976723,33.04699
573,-72.78769,29.851612,33.04699
574,-72.29907,30.72464,33.04699
575,-71.98474,31.588345,33.04699
576,-71.84706,32.436516,33.04699
577,-67.33612,33.984352,27.288162
578,-67.59606,34.9394,27.288162
579,-68.06608,35.852818,27.288162
580,-68.74249,36.718388,27.288162
581,-69.620316,37.529896,27.288162
582,-70.69283,38.281136,27.288162
583,-71.95179,38.965263,27.288162
584,-73.38768,39.57856,27.288162
585,-74.989586,40.11542,27.288162
586,-76.74527,40.57213,27.288162
587,-78.64137,40.944954,27.288162
588,-80.66356,41.231407,27.288162
589,-82.79629,41.429,27.288162
590,-85.02337,41.5365,27.288162
591,-87.32801,41.553276,27.288162
592,-89.692444,41.47809,27.288162
593,-92.09882,41.312183,27.288162
594,-94.5288,41.05742,27.288162
595,-96.96384,40.715046,27.288162
596,-99.38546,40.288162,27.288162
597,-101.77518,39.77926,27.288162
598,-104.11485,39.192688,27.288162
599,-106.38672,38.53341,27.288162
600,-108.57332,37.805164,27.288162
601,-110.65825,37.01478,27.288162
602,-112.62549,36.16785,27.288162
603,-114.46002,35.26997,27.288162
604,-116.14804,34.329216,27.288162
605,-117.67659,33.352417,27.288162
606,-119.03404,32.34642,27.288162
607,-120.21013,31.319914,27.288162
608,-121.19586,30.279737,27.288162
609,-121.98368,29.23397,27.288162
610,-122.567665,28.190687,27.288162
611,-122.943436,27.15859,27.288162
612,-123.10794,26.14389,27.288162
613,-123.06004,25.15591,27.288162
614,-122.8002,24.201485,27.288162
615,-122.330185,23.288069,27.288162
616,-121.65367,22.421879,27.288162
617,-120.77585,21.610367,27.288162
618,-119.70343,20.85975,27.288162
619,-118.44447,20.175621,27.288162
620,-117.00858,19.562328,27.288162
621,-115.40668,19.025463,27.288162
622,-113.65099,18.568756,27.288162
623,-111.75479,18.19531,27.288162
624,-109.732704,17.909481,27.288162
625,-107.599976,17.711884,27.288162
626,-105.372795,17.603765,27.288162
627,-103.068245,17.58761,27.288162
628,-100.70382,17.662796,27.288162
629,-98.29744,17.828701,27.288162
630,-95.86746,18.083464,27.288162
631,-93.43243,18.425838,27.288162
632,-91.0108,18.852722,27.288162
633,-88.62108,19.361626,27.288162
634,-86.2814,19.9482,27.288162
635,-84.009544,20.607473,27.288162
636,-81.822845,21.335098,27.288162
637,-79.738014,22.126104,27.288162
638,-77.770775,22.973034,27.288162
639,-75.93614,23.870295,27.288162
640,-74.24822,24.811672,27.288162
641,-72.71967,25.788467,27.288162
642,-71.36221,26.794466,27.288162
643,-70.186134,27.820972,27.288162
644,-69.2004,28.861147,27.288162
645,-68.41248,29.906294,27.288162
646,-67.8285,30.949575,27.288162
647,-67.45283,31.982294,27.288162
648,-67.288315,32.996994,27.288162
649,-61.074287,34.976685,22.074747
650,-61.392673,36.146103,22.074747
651,-61.968216,37.264572,22.074747
652,-62.7968,38.325253,22.074747
653,-63.871857,39.318825,22.074747
654,-65.18541,40.239075,22.074747
655,-66.72734,41.077305,22.074747
656,-68.48591,41.827923,22.074747
657,-70.447784,42.485332,22.074747
658,-72.5981,43.04519,22.074747
659,-74.92039,43.501896,22.074747
660,-77.39697,43.85235,22.074747
661,-80.008995,44.094063,22.074747
662,-82.73667,44.225792,22.074747
663,-85.55923,44.245678,22.074747
664,-88.455055,44.153713,22.074747
665,-91.402245,43.95115,22.074747
666,-94.378395,43.639217,22.074747
667,-97.36065,43.219795,22.074747
668,-100.32656,42.69722,22.074747
669,-103.25332,42.073364,22.074747
670,-106.11883,41.355057,22.074747
671,-108.90128,40.547897,22.074747
672,-111.57935,39.656227,22.074747
673,-114.13279,38.68751,22.074747
674,-116.542175,37.650444,22.074747
675,-118.78909,36.55124,22.074747
676,-120.85644,35.399216,22.074747
677,-122.72847,34.202454,22.074747
678,-124.39107,32.970898,22.074747
679,-125.83148,31.713242,22.074747
680,-127.038734,30.43943,22.074747
681,-128.00362,29.158163,22.074747
682,-128.7189,27.881245,22.074747
683,-129.17897,26.616133,22.074747
684,-129.38055,25.374634,22.074747
685,-129.32187,24.163582,22.074747
686,-129.00359,22.994781,22.074747
687,-128.42795,21.875692,22.074747
688,-127.599464,20.815632,22.074747
689,-126.52441,19.82206,22.074747
690,-125.210846,18.90181,22.074747
691,-123.66892,18.06358,22.074747
692,-121.910355,17.312963,22.074747
693,-119.94838,16.654932,22.074747
694,-117.79816,16.095697,22.074747
695,-115.475876,15.638989,22.074747
696,-112.99929,15.288536,22.074747
697,-110.38717,15.046202,22.074747
698,-107.65949,14.914471,22.074747
699,-104.83703,14.895208,22.074747
700,-101.94111,14.98655,22.074747
701,-98.99402,15.189738,22.074747
702,-96.01787,15.501667,22.074747
703,-93.035614,15.921092,22.074747
704,-90.0697,16.443665,22.074747
705,-87.142944,17.067522,22.074747
706,-84.277336,17.785206,22.074747
707,-81.49498,18.592987,22.074747
708,-78.81681,19.484035,22.074747
709,-76.263374,20.452751,22.074747
710,-73.85408,21.490442,22.074747
711,-71.60716,22.589647,22.074747
712,-69.539825,23.74167,22.074747
713,-67.667694,24.937809,22.074747
714,-66.005196,26.169989,22.074747
715,-64.56477,27.427645,22.074747
716,-63.357525,28.701454,22.074747
717,-62.392647,29.982723,22.074747
718,-61.677353,31.25964,22.074747
719,-61.21719,32.52413,22.074747
720,-61.015697,33.76625,22.074747
721,-54.344425,36.042953,17.947426
722,-54.725563,37.442284,17.947426
723,-55.414692,38.78196,17.947426
724,-56.406612,40.052044,17.947426
725,-57.693707,41.24135,17.947426
726,-59.26626,42.342415,17.947426
727,-61.11234,43.346554,17.947426
728,-63.217766,44.245678,17.947426
729,-65.566605,45.032955,17.947426
730,-68.14099,45.70279,17.947426
731,-70.92122,46.248978,17.947426
732,-73.88624,46.66902,17.947426
733,-77.01345,46.958584,17.947426
734,-80.279106,47.11641,17.947426
735,-83.65828,47.140022,17.947426
736,-87.12521,47.03004,17.947426
737,-90.65366,46.787704,17.947426
738,-94.21666,46.413643,17.947426
739,-97.78711,45.911575,17.947426
740,-101.33792,45.285233,17.947426
741,-104.841995,44.539585,17.947426
742,-108.27262,43.679607,17.947426
743,-111.60382,42.712753,17.947426
744,-114.81011,41.645237,17.947426
745,-117.86711,40.48638,17.947426
746,-120.751625,39.24426,17.947426
747,-123.441666,37.928196,17.947426
748,-125.91679,36.54875,17.947426
749,-128.15805,35.116493,17.947426
750,-130.14848,33.641357,17.947426
751,-131.87296,32.135773,17.947426
752,-133.31824,30.610308,17.947426
753,-134.47346,29.076763,17.947426
754,-135.32982,27.54757,17.947426
755,-135.88069,26.033909,17.947426
756,-136.12195,24.546345,17.947426
757,-136.05174,23.09731,17.947426
758,-135.6707,21.6986,17.947426
759,-134.98157,20.358925,17.947426
760,-133.98965,19.088842,17.947426
761,-132.70245,17.898918,17.947426
762,-131.12991,16.797848,17.947426
763,-129.28392,15.7943325,17.947426
764,-127.1785,14.895208,17.947426
765,-124.82965,14.107931,17.947426
766,-122.25527,13.438093,17.947426
767,-119.47504,12.891909,17.947426
768,-116.510025,12.471861,17.947426
769,-113.38281,12.182302,17.947426
770,-110.11715,12.024473,17.947426
771,-106.73798,12.000862,17.947426
772,-103.27104,12.110844,17.947426
773,-99.7426,12.353178,17.947426
774,-96.1796,12.727243,17.947426
775,-92.609055,13.228691,17.947426
776,-89.05834,13.855655,17.947426
777,-85.55427,14.6013,17.947426
778,-82.123634,15.461278,17.947426
779,-78.792435,16.428131,17.947426
780,-75.58615,17.495647,17.947426
781,-72.52915,18.654503,17.947426
782,-69.64464,19.896626,17.947426
783,-66.95459,21.212688,17.947426
784,-64.47948,22.592133,17.947426
785,-62.23822,24.024395,17.947426
786,-60.24778,25.499529,17.947426
787,-58.52331,27.005112,17.947426
788,-57.07793,28.529957,17.947426
789,-55.9227,30.063501,17.947426
790,-55.066444,31.593317,17.947426
791,-54.515575,33.106976,17.947426
792,-54.274303,34.59454,17.947426
793,-46.939747,37.216103,14.116183
794,-47.39,38.869576,14.116183
795,-48.203987,40.451584,14.116183
796,-49.375687,41.951576,14.116183
797,-50.896114,43.357117,14.116183
798,-52.753696,44.657646,14.116183
799,-54.934326,45.843224,14.116183
800,-57.421352,46.905144,14.116183
801,-60.195915,47.83534,14.116183
802,-63.236847,48.626343,14.116183
803,-66.52106,49.27195,14.116183
804,-70.02345,49.767803,14.116183
805,-73.717545,50.1108,14.116183
806,-77.57506,50.29659,14.116183
807,-81.56668,50.32455,14.116183
808,-85.66205,50.194687,14.116183
809,-89.83,49.908234,14.116183
810,-94.038795,49.46644,14.116183
811,-98.256454,48.87427,14.116183
812,-102.450775,48.134216,14.116183
813,-106.58995,47.253113,14.116183
814,-110.642395,46.23717,14.116183
815,-114.577324,45.09447,14.116183
816,-118.36476,43.834328,14.116183
817,-121.97588,42.46483,14.116183
818,-125.38314,40.997147,14.116183
819,-128.56078,39.4431,14.116183
820,-131.48444,37.81324,14.116183
821,-134.13197,36.121246,14.116183
822,-136.48318,34.37892,14.116183
823,-138.52022,32.60056,14.116183
824,-140.22751,30.798582,14.116183
825,-141.59212,28.987907,14.116183
826,-142.60364,27.18096,14.116183
827,-143.25435,25.392654,14.116183
828,-143.5394,23.636036,14.116183
829,-143.45642,21.92416,14.116183
830,-143.00626,20.271313,14.116183
831,-142.19228,18.6893,14.116183
832,-141.02057,17.189312,14.116183
833,-139.50015,15.78377,14.116183
834,-137.64256,14.483239,14.116183
835,-135.46194,13.297663,14.116183
836,-132.97491,12.235741,14.116183
837,-130.20035,11.305548,14.116183
838,-127.15941,10.514542,14.116183
839,-123.875206,9.868937,14.116183
840,-120.37271,9.372461,14.116183
841,-116.67871,9.0300865,14.116183
842,-112.821205,8.8442955,14.116183
843,-108.82958,8.816334,14.116183
844,-104.734215,8.946201,14.116183
845,-100.56625,9.232653,14.116183
846,-96.35747,9.674448,14.116183
847,-92.13981,10.266615,14.116183
848,-87.94548,11.006668,14.116183
849,-83.80631,11.887772,14.116183
850,-79.75386,12.903713,14.116183
851,-75.81894,14.046415,14.116183
852,-72.031494,15.306556,14.116183
853,-68.42038,16.676058,14.116183
854,-65.01302,18.143116,14.116183
855,-61.835484,19.697786,14.116183
856,-58.91182,21.327644,14.116183
857,-56.26429,23.019636,14.116183
858,-53.913082,24.761961,14.116183
859,-51.87605,26.540325,14.116183
860,-50.168755,28.342302,14.116183
861,-48.804142,30.152979,14.116183
862,-47.792633,31.959925,14.116183
863,-47.14191,33.74823,14.116183
864,-46.85687,35.50485,14.116183
865,-36.093933,38.934196,10.013613
866,-36.64535,40.959244,10.013613
867,-37.64235,42.897923,10.013613
868,-39.07737,44.734695,10.013613
869,-40.939495,46.455894,10.013613
870,-43.214584,48.049088,10.013613
871,-45.885197,49.50061,10.013613
872,-48.931263,50.801144,10.013613
873,-52.329365,51.940117,10.013613
874,-56.053772,52.909454,10.013613
875,-60.07602,53.699837,10.013613
876,-64.36562,54.30754,10.013613
877,-68.8899,54.726967,10.013613
878,-73.61429,54.954388,10.013613
879,-78.50302,54.988564,10.013613
880,-83.51885,54.830116,10.013613
881,-88.62349,54.47904,10.013613
882,-93.77824,53.938446,10.013613
883,-98.9437,53.21144,10.013613
884,-104.08077,52.306107,10.013613
885,-109.15015,51.226784,10.013613
886,-114.11341,49.982796,10.013613
887,-118.93263,48.58347,10.013613
888,-123.57127,47.03936,10.013613
889,-127.99405,45.3629,10.013613
890,-132.16711,43.565277,10.013613
891,-136.05885,41.662014,10.013613
892,-139.63966,39.666172,10.013613
893,-142.88217,37.5939,10.013613
894,-145.76183,35.46011,10.013613
895,-148.25659,33.28158,10.013613
896,-150.34769,31.075092,10.013613
897,-152.01895,28.85742,10.013613
898,-153.25781,26.644716,10.013613
899,-154.0548,24.454384,10.013613
900,-154.40384,22.302574,10.013613
901,-154.30223,20.206068,10.013613
902,-153.75092,18.18164,10.013613
903,-152.7539,16.242962,10.013613
904,-151.3189,14.406189,10.013613
905,-149.45677,12.684992,10.013613
906,-147.18167,11.091795,10.013613
907,-144.51097,9.63965,10.013613
908,-141.465,8.339743,10.013613
909,-138.0669,7.2007694,10.013613
910,-134.3425,6.23143,10.013613
911,-130.32024,5.4410458,10.013613
912,-126.03064,4.8333454,10.013613
913,-121.50636,4.4139194,10.013613
914,-116.781876,4.185877,10.013613
915,-111.89314,4.151701,10.013613
916,-106.87741,4.310772,10.013613
917,-101.772675,4.6612244,10.013613
918,-96.61803,5.2024384,10.013613
919,-91.45246,5.9288216,10.013613
920,-86.31549,6.8347816,10.013613
921,-81.24602,7.9134827,10.013613
922,-76.28285,9.158089,10.013613
923,-71.46353,10.556795,10.013613
924,-66.82489,12.100903,10.013613
925,-62.40221,13.777983,10.013613
926,-58.22914,15.57561,10.013613
927,-54.337414,17.47887,10.013613
928,-50.756603,19.474714,10.013613
929,-47.514088,21.546988,10.013613
930,-44.63443,23.680775,10.013613
931,-42.13958,25.85868,10.013613
932,-40.048576,28.065792,10.013613
933,-38.377304,30.283466,10.013613
934,-37.138443,32.49617,10.013613
935,-36.341465,34.6865,10.013613
936,-35.99243,36.83831,10.013613
937,-24.163734,40.824406,5.850607
938,-24.826378,43.257698,5.850607
939,-26.024666,45.587837,5.850607
940,-27.749321,47.79495,5.850607
941,-29.98732,49.864113,5.850607
942,-32.721664,51.778557,5.850607
943,-35.931385,53.52337,5.850607
944,-39.592278,55.08674,5.850607
945,-43.676277,56.45562,5.850607
946,-48.152435,57.62007,5.850607
947,-52.986656,58.57077,5.850607
948,-58.142025,59.30026,5.850607
949,-63.579475,59.80419,5.850607
950,-69.257576,60.078217,5.850607
951,-75.13313,60.119846,5.850607
952,-81.16141,59.929085,5.850607
953,-87.29645,59.506554,5.850607
954,-93.49162,58.856598,5.850607
955,-99.69978,57.98419,5.850607
956,-105.873726,56.894928,5.850607
957,-111.966415,55.59813,5.850607
958,-117.93149,54.10311,5.850607
959,-123.72349,52.42106,5.850607
960,-129.2984,50.565643,5.850607
961,-134.61382,48.549915,5.850607
962,-139.62927,46.39003,5.850607
963,-144.30664,44.10276,5.850607
964,-148.61017,41.70427,5.850607
965,-152.5072,39.213192,5.850607
966,-155.96814,36.648792,5.850607
967,-158.96648,34.030334,5.850607
968,-161.47961,31.378944,5.850607
969,-163.48822,28.712639,5.850607
970,-164.97714,26.053793,5.850607
971,-165.93501,23.421043,5.850607
972,-166.35446,20.834896,5.850607
973,-166.23242,18.315857,5.850607
974,-165.5698,15.882567,5.850607
975,-164.3716,13.553047,5.850607
976,-162.64694,11.345936,5.850607
977,-160.40894,9.27677,5.850607
978,-157.67459,7.3623257,5.850607
979,-154.46478,5.616894,5.850607
980,-150.80399,4.054146,5.850607
981,-146.71999,2.6852646,5.850607
982,-142.24384,1.5208149,5.850607
983,-137.4096,0.57011604,5.850607
984,-132.25414,-0.15999413,5.850607
985,-126.81669,-0.6639271,5.850607
986,-121.13859,-0.93795013,5.850607
987,-115.26313,-0.97896194,5.850607
988,-109.234856,-0.7882004,5.850607
989,-103.099815,-0.36566734,5.850607
990,-96.90464,0.2842865,5.850607
991,-90.69648,1.1566906,5.850607
992,-84.52254,2.2459545,5.850607
993,-78.42985,3.542757,5.850607
994,-72.46477,5.037775,5.850607
995,-66.672775,6.7198277,5.850607
996,-61.097767,8.574621,5.850607
997,-55.782345,10.590349,5.850607
998,-50.766888,12.750235,5.850607
999,-46.08961,15.038124,5.850607
1000,-41.78609,17.436617,5.850607
1001,-37.889053,19.927692,5.850607
1002,-34.428123,22.492092,5.850607
1003,-31.429684,25.10993,5.850607
1004,-28.916634,27.761942,5.850607
1005,-26.908043,30.428246,5.850607
1006,-25.41912,33.087093,5.850607
1007,-24.46125,35.71984,5.850607
1008,-24.04171,38.305367,5.850607
